855,"Men's Bib-Shorts, S",Bib-Shorts,89.99
856,"Men's Bib-Shorts, M",Bib-Shorts,89.99
857,"Men's Bib-Shorts, L",Bib-Shorts,89.99
876,Hitch Rack - 4-Bike,Bike Racks,120.00
879,All-Purpose Bike Stand,Bike Stands,159.00
871,Mountain Bottle Cage,Bottles and Cages,9.99
872,Road Bottle Cage,Bottles and Cages,8.99
870,Water Bottle - 30 oz.,Bottles and Cages,4.99
996,HL Bottom Bracket,Bottom Brackets,121.49
995,ML Bottom Bracket,Bottom Brackets,101.24
994,LL Bottom Bracket,Bottom Brackets,53.99
948,Front Brakes,Brakes,106.50
907,Rear Brakes,Brakes,106.50
712,AWC Logo Cap,Caps,8.99
952,Chain,Chains,20.24
877,Bike Wash - Dissolver,Cleaners,7.95
951,HL Crankset,Cranksets,404.99
950,ML Crankset,Cranksets,256.49
949,LL Crankset,Cranksets,175.49
894,Rear Derailleur,Derailleurs,121.46
945,Front Derailleur,Derailleurs,91.49
878,Fender Set - Mountain,Fenders,21.98
804,HL Fork,Forks,229.49
803,ML Fork,Forks,175.49
802,LL Fork,Forks,148.22
861,"Full-Finger Gloves, S",Gloves,37.99
862,"Full-Finger Gloves, M",Gloves,37.99
863,"Full-Finger Gloves, L",Gloves,37.99
858,"Half-Finger Gloves, S",Gloves,24.49
859,"Half-Finger Gloves, M",Gloves,24.49
860,"Half-Finger Gloves, L",Gloves,24.49
813,HL Road Handlebars,Handlebars,120.27
810,HL Mountain Handlebars,Handlebars,120.27
947,HL Touring Handlebars,Handlebars,91.57
809,ML Mountain Handlebars,Handlebars,61.92
812,ML Road Handlebars,Handlebars,61.92
807,HL Headset,Headsets,124.73
806,ML Headset,Headsets,102.29
805,LL Headset,Headsets,34.20
711,"Sport-100 Helmet, Blue",Helmets,34.99
707,"Sport-100 Helmet, Red",Helmets,34.99
708,"Sport-100 Helmet, Black",Helmets,34.99
880,Hydration Pack - 70 oz.,Hydration Packs,54.99
881,"Short-Sleeve Classic Jersey, S",Jerseys,53.99
882,"Short-Sleeve Classic Jersey, M",Jerseys,53.99
883,"Short-Sleeve Classic Jersey, L",Jerseys,53.99
884,"Short-Sleeve Classic Jersey, XL",Jerseys,53.99
713,"Long-Sleeve Logo Jersey, S",Jerseys,49.99
714,"Long-Sleeve Logo Jersey, M",Jerseys,49.99
715,"Long-Sleeve Logo Jersey, L",Jerseys,49.99
716,"Long-Sleeve Logo Jersey, XL",Jerseys,49.99
848,Headlights - Weatherproof,Lights,44.99
847,Headlights - Dual-Beam,Lights,34.99
846,Taillights - Battery-Powered,Lights,13.99
843,Cable Lock,Locks,25.00
771,"Mountain-100 Silver, 38",Mountain Bikes,3399.99
772,"Mountain-100 Silver, 42",Mountain Bikes,3399.99
773,"Mountain-100 Silver, 44",Mountain Bikes,3399.99
774,"Mountain-100 Silver, 48",Mountain Bikes,3399.99
775,"Mountain-100 Black, 38",Mountain Bikes,3374.99
776,"Mountain-100 Black, 42",Mountain Bikes,3374.99
777,"Mountain-100 Black, 44",Mountain Bikes,3374.99
778,"Mountain-100 Black, 48",Mountain Bikes,3374.99
779,"Mountain-200 Silver, 38",Mountain Bikes,2319.99
780,"Mountain-200 Silver, 42",Mountain Bikes,2319.99
781,"Mountain-200 Silver, 46",Mountain Bikes,2319.99
748,"HL Mountain Frame - Silver, 38",Mountain Frames,1364.50
739,"HL Mountain Frame - Silver, 42",Mountain Frames,1364.50
740,"HL Mountain Frame - Silver, 44",Mountain Frames,1364.50
741,"HL Mountain Frame - Silver, 48",Mountain Frames,1364.50
742,"HL Mountain Frame - Silver, 46",Mountain Frames,1364.50
743,"HL Mountain Frame - Black, 42",Mountain Frames,1349.60
744,"HL Mountain Frame - Black, 44",Mountain Frames,1349.60
745,"HL Mountain Frame - Black, 48",Mountain Frames,1349.60
746,"HL Mountain Frame - Black, 46",Mountain Frames,1349.60
747,"HL Mountain Frame - Black, 38",Mountain Frames,1349.60
904,"ML Mountain Frame-W - Silver, 40",Mountain Frames,364.09
905,"ML Mountain Frame-W - Silver, 42",Mountain Frames,364.09
906,"ML Mountain Frame-W - Silver, 46",Mountain Frames,364.09
942,"ML Mountain Frame-W - Silver, 38",Mountain Frames,364.09
842,"Touring-Panniers, Large",Panniers,125.00
937,HL Mountain Pedal,Pedals,80.99
940,HL Road Pedal,Pedals,80.99
941,Touring Pedal,Pedals,80.99
936,ML Mountain Pedal,Pedals,62.09
939,ML Road Pedal,Pedals,62.09
938,LL Road Pedal,Pedals,40.49
935,LL Mountain Pedal,Pedals,40.49
845,Mountain Pump,Pumps,24.99
844,Minipump,Pumps,19.99
749,"Road-150 Red, 62",Road Bikes,3578.27
750,"Road-150 Red, 44",Road Bikes,3578.27
751,"Road-150 Red, 48",Road Bikes,3578.27
752,"Road-150 Red, 52",Road Bikes,3578.27
753,"Road-150 Red, 56",Road Bikes,3578.27
789,"Road-250 Red, 44",Road Bikes,2443.35
790,"Road-250 Red, 48",Road Bikes,2443.35
791,"Road-250 Red, 52",Road Bikes,2443.35
792,"Road-250 Red, 58",Road Bikes,2443.35
793,"Road-250 Black, 44",Road Bikes,2443.35
794,"Road-250 Black, 48",Road Bikes,2443.35
795,"Road-250 Black, 52",Road Bikes,2443.35
796,"Road-250 Black, 58",Road Bikes,2443.35
973,"Road-350-W Yellow, 40",Road Bikes,1700.99
974,"Road-350-W Yellow, 42",Road Bikes,1700.99
975,"Road-350-W Yellow, 44",Road Bikes,1700.99
976,"Road-350-W Yellow, 48",Road Bikes,1700.99
837,"HL Road Frame - Black, 62",Road Frames,1431.50
838,"HL Road Frame - Black, 44",Road Frames,1431.50
839,"HL Road Frame - Black, 48",Road Frames,1431.50
840,"HL Road Frame - Black, 52",Road Frames,1431.50
680,"HL Road Frame - Black, 58",Road Frames,1431.50
706,"HL Road Frame - Red, 58",Road Frames,1431.50
717,"HL Road Frame - Red, 62",Road Frames,1431.50
718,"HL Road Frame - Red, 44",Road Frames,1431.50
719,"HL Road Frame - Red, 48",Road Frames,1431.50
720,"HL Road Frame - Red, 52",Road Frames,1431.50
721,"HL Road Frame - Red, 56",Road Frames,1431.50
731,"ML Road Frame - Red, 44",Road Frames,594.83
732,"ML Road Frame - Red, 48",Road Frames,594.83
733,"ML Road Frame - Red, 52",Road Frames,594.83
734,"ML Road Frame - Red, 58",Road Frames,594.83
735,"ML Road Frame - Red, 60",Road Frames,594.83
822,"ML Road Frame-W - Yellow, 38",Road Frames,594.83
833,"ML Road Frame-W - Yellow, 40",Road Frames,594.83
834,"ML Road Frame-W - Yellow, 42",Road Frames,594.83
835,"ML Road Frame-W - Yellow, 44",Road Frames,594.83
836,"ML Road Frame-W - Yellow, 48",Road Frames,594.83
736,"LL Road Frame - Black, 44",Road Frames,337.22
737,"LL Road Frame - Black, 48",Road Frames,337.22
738,"LL Road Frame - Black, 52",Road Frames,337.22
722,"LL Road Frame - Black, 58",Road Frames,337.22
723,"LL Road Frame - Black, 60",Road Frames,337.22
724,"LL Road Frame - Black, 62",Road Frames,337.22
725,"LL Road Frame - Red, 44",Road Frames,337.22
726,"LL Road Frame - Red, 48",Road Frames,337.22
727,"LL Road Frame - Red, 52",Road Frames,337.22
728,"LL Road Frame - Red, 58",Road Frames,337.22
729,"LL Road Frame - Red, 60",Road Frames,337.22
730,"LL Road Frame - Red, 62",Road Frames,337.22
910,HL Mountain Seat/Saddle,Saddles,52.64
913,HL Road Seat/Saddle,Saddles,52.64
916,HL Touring Seat/Saddle,Saddles,52.64
915,ML Touring Seat/Saddle,Saddles,39.14
909,ML Mountain Seat/Saddle,Saddles,39.14
912,ML Road Seat/Saddle,Saddles,39.14
914,LL Touring Seat/Saddle,Saddles,27.12
911,LL Road Seat/Saddle,Saddles,27.12
908,LL Mountain Seat/Saddle,Saddles,27.12
867,"Women's Mountain Shorts, S",Shorts,69.99
868,"Women's Mountain Shorts, M",Shorts,69.99
869,"Women's Mountain Shorts, L",Shorts,69.99
841,"Men's Sports Shorts, S",Shorts,59.99
849,"Men's Sports Shorts, M",Shorts,59.99
850,"Men's Sports Shorts, L",Shorts,59.99
851,"Men's Sports Shorts, XL",Shorts,59.99
709,"Mountain Bike Socks, M",Socks,9.50
710,"Mountain Bike Socks, L",Socks,9.50
874,"Racing Socks, M",Socks,8.99
875,"Racing Socks, L",Socks,8.99
852,"Women's Tights, S",Tights,74.99
853,"Women's Tights, M",Tights,74.99
854,"Women's Tights, L",Tights,74.99
930,HL Mountain Tire,Tires and Tubes,35.00
933,HL Road Tire,Tires and Tubes,32.60
929,ML Mountain Tire,Tires and Tubes,29.99
966,"Touring-1000 Blue, 46",Touring Bikes,2384.07
967,"Touring-1000 Blue, 50",Touring Bikes,2384.07
968,"Touring-1000 Blue, 54",Touring Bikes,2384.07
969,"Touring-1000 Blue, 60",Touring Bikes,2384.07
954,"Touring-1000 Yellow, 46",Touring Bikes,2384.07
955,"Touring-1000 Yellow, 50",Touring Bikes,2384.07
956,"Touring-1000 Yellow, 54",Touring Bikes,2384.07
957,"Touring-1000 Yellow, 60",Touring Bikes,2384.07
970,"Touring-2000 Blue, 46",Touring Bikes,1214.85
971,"Touring-2000 Blue, 50",Touring Bikes,1214.85
972,"Touring-2000 Blue, 54",Touring Bikes,1214.85
953,"Touring-2000 Blue, 60",Touring Bikes,1214.85
958,"Touring-3000 Blue, 54",Touring Bikes,742.35
959,"Touring-3000 Blue, 58",Touring Bikes,742.35
960,"Touring-3000 Blue, 62",Touring Bikes,742.35
961,"Touring-3000 Yellow, 44",Touring Bikes,742.35
962,"Touring-3000 Yellow, 50",Touring Bikes,742.35
963,"Touring-3000 Yellow, 54",Touring Bikes,742.35
964,"Touring-3000 Yellow, 58",Touring Bikes,742.35
965,"Touring-3000 Yellow, 62",Touring Bikes,742.35
978,"Touring-3000 Blue, 44",Touring Bikes,742.35
979,"Touring-3000 Blue, 50",Touring Bikes,742.35
885,"HL Touring Frame - Yellow, 60",Touring Frames,1003.91
887,"HL Touring Frame - Yellow, 46",Touring Frames,1003.91
888,"HL Touring Frame - Yellow, 50",Touring Frames,1003.91
889,"HL Touring Frame - Yellow, 54",Touring Frames,1003.91
890,"HL Touring Frame - Blue, 46",Touring Frames,1003.91
891,"HL Touring Frame - Blue, 50",Touring Frames,1003.91
892,"HL Touring Frame - Blue, 54",Touring Frames,1003.91
893,"HL Touring Frame - Blue, 60",Touring Frames,1003.91
895,"LL Touring Frame - Blue, 50",Touring Frames,333.42
896,"LL Touring Frame - Blue, 54",Touring Frames,333.42
897,"LL Touring Frame - Blue, 58",Touring Frames,333.42
898,"LL Touring Frame - Blue, 62",Touring Frames,333.42
899,"LL Touring Frame - Yellow, 44",Touring Frames,333.42
900,"LL Touring Frame - Yellow, 50",Touring Frames,333.42
901,"LL Touring Frame - Yellow, 54",Touring Frames,333.42
902,"LL Touring Frame - Yellow, 58",Touring Frames,333.42
903,"LL Touring Frame - Blue, 44",Touring Frames,333.42
886,"LL Touring Frame - Yellow, 62",Touring Frames,333.42
864,"Classic Vest, S",Vests,63.50
865,"Classic Vest, M",Vests,63.50
866,"Classic Vest, L",Vests,63.50
828,HL Road Rear Wheel,Wheels,357.06
820,HL Road Front Wheel,Wheels,330.06
825,HL Mountain Rear Wheel,Wheels,327.215
